Workbook

Sheet Dataset
A1: INPUT | D1: OUTPUT
A2: Number of Rooms | B2: Number of Residents | C2: Average Temp (°C) | D2: Energy Consumption (kWh) | F2: Number of Rooms | G2: Number of Residents | H2: Average Temp (°C) | I2: Energy Consumption (kWh)
A3: 3 | B3: 2 | C3: 22.5 | D3: 300 | E3: Mean | F3: =AVERAGE(A3:A22) -> 4 | G3: =AVERAGE(B3:B22) -> 3.15 | H3: =AVERAGE(C3:C22) -> 21.655 | I3: =AVERAGE(D3:D22) -> 423
A4: 4 | B4: 3 | C4: 21 | D4: 400 | E4: Standard Deviation | F4: =_xlfn.STDEV.P(A3:A22) -> 1.4142136 | G4: =_xlfn.STDEV.P(B3:B22) -> 1.4239031 | H4: =_xlfn.STDEV.P(C3:C22) -> 3.1007217 | I4: =_xlfn.STDEV.P(D3:D22) -> 168.79277
A5: 5 | B5: 4 | C5: 19.8 | D5: 550
A6: 2 | B6: 1 | C6: 25.1 | D6: 200
A7: 6 | B7: 5 | C7: 18.3 | D7: 650
A8: 3 | B8: 2 | C8: 24.2 | D8: 280
A9: 4 | B9: 4 | C9: 20.1 | D9: 430
A10: 5 | B10: 3 | C10: 19.6 | D10: 500
A11: 2 | B11: 2 | C11: 26.3 | D11: 210
A12: 6 | B12: 5 | C12: 17.9 | D12: 680
A13: 4 | B13: 3 | C13: 22.8 | D13: 390
A14: 3 | B14: 2 | C14: 23.5 | D14: 310
A15: 5 | B15: 4 | C15: 18.6 | D15: 540
A16: 2 | B16: 1 | C16: 25.5 | D16: 190
... A18: 3 | B18: 3 | C18: 24.8 | D18: 320
A19: 4 | B19: 4 | C19: 21.9 | D19: 440 | E19: Validation
A20: 5 | B20: 3 | C20: 20 | D20: 520
A21: 2 | B21: 1 | C21: 27.2 | D21: 180
A22: 6 | B22: 5 | C22: 17.3 | D22: 670

Sheet Standardized data
A1: INPUT | D1: OUTPUT
A2: Number of Rooms | B2: Number of Residents | C2: Average Temp (°C) | D2: Energy Consumption (kWh)
A3: =(Dataset!A3-Dataset!F$3)/Dataset!F$4 -> -0.70710678 | B3: =(Dataset!B3-Dataset!G$3)/Dataset!G$4 -> -0.80763924 | C3: =(Dataset!C3-Dataset!H$3)/Dataset!H$4 -> 0.2725172 | D3: =(Dataset!D3-Dataset!I$3)/Dataset!I$4 -> -0.72870419
A4: =(Dataset!A4-Dataset!F$3)/Dataset!F$4 -> 0 | B4: =(Dataset!B4-Dataset!G$3)/Dataset!G$4 -> -0.10534425 | C4: =(Dataset!C4-Dataset!H$3)/Dataset!H$4 -> -0.21124114 | D4: =(Dataset!D4-Dataset!I$3)/Dataset!I$4 -> -0.13626176
A5: =(Dataset!A5-Dataset!F$3)/Dataset!F$4 -> 0.70710678 | B5: =(Dataset!B5-Dataset!G$3)/Dataset!G$4 -> 0.59695074 | C5: =(Dataset!C5-Dataset!H$3)/Dataset!H$4 -> -0.59824782 | D5: =(Dataset!D5-Dataset!I$3)/Dataset!I$4 -> 0.75240188
A6: =(Dataset!A6-Dataset!F$3)/Dataset!F$4 -> -1.4142136 | B6: =(Dataset!B6-Dataset!G$3)/Dataset!G$4 -> -1.5099342 | C6: =(Dataset!C6-Dataset!H$3)/Dataset!H$4 -> 1.1110317 | D6: =(Dataset!D6-Dataset!I$3)/Dataset!I$4 -> -1.3211466
A7: =(Dataset!A7-Dataset!F$3)/Dataset!F$4 -> 1.4142136 | B7: =(Dataset!B7-Dataset!G$3)/Dataset!G$4 -> 1.2992457 | C7: =(Dataset!C7-Dataset!H$3)/Dataset!H$4 -> -1.0820062 | D7: =(Dataset!D7-Dataset!I$3)/Dataset!I$4 -> 1.3448443
A8: =(Dataset!A8-Dataset!F$3)/Dataset!F$4 -> -0.70710678 | B8: =(Dataset!B8-Dataset!G$3)/Dataset!G$4 -> -0.80763924 | C8: =(Dataset!C8-Dataset!H$3)/Dataset!H$4 -> 0.82077666 | D8: =(Dataset!D8-Dataset!I$3)/Dataset!I$4 -> -0.84719267
A9: =(Dataset!A9-Dataset!F$3)/Dataset!F$4 -> 0 | B9: =(Dataset!B9-Dataset!G$3)/Dataset!G$4 -> 0.59695074 | C9: =(Dataset!C9-Dataset!H$3)/Dataset!H$4 -> -0.50149615 | D9: =(Dataset!D9-Dataset!I$3)/Dataset!I$4 -> 0.04147097
A10: =(Dataset!A10-Dataset!F$3)/Dataset!F$4 -> 0.70710678 | B10: =(Dataset!B10-Dataset!G$3)/Dataset!G$4 -> -0.10534425 | C10: =(Dataset!C10-Dataset!H$3)/Dataset!H$4 -> -0.66274894 | D10: =(Dataset!D10-Dataset!I$3)/Dataset!I$4 -> 0.45618067
A11: =(Dataset!A11-Dataset!F$3)/Dataset!F$4 -> -1.4142136 | B11: =(Dataset!B11-Dataset!G$3)/Dataset!G$4 -> -0.80763924 | C11: =(Dataset!C11-Dataset!H$3)/Dataset!H$4 -> 1.4980383 | D11: =(Dataset!D11-Dataset!I$3)/Dataset!I$4 -> -1.2619024
A12: =(Dataset!A12-Dataset!F$3)/Dataset!F$4 -> 1.4142136 | B12: =(Dataset!B12-Dataset!G$3)/Dataset!G$4 -> 1.2992457 | C12: =(Dataset!C12-Dataset!H$3)/Dataset!H$4 -> -1.2110084 | D12: =(Dataset!D12-Dataset!I$3)/Dataset!I$4 -> 1.522577
A13: =(Dataset!A13-Dataset!F$3)/Dataset!F$4 -> 0 | B13: =(Dataset!B13-Dataset!G$3)/Dataset!G$4 -> -0.10534425 | C13: =(Dataset!C13-Dataset!H$3)/Dataset!H$4 -> 0.36926887 | D13: =(Dataset!D13-Dataset!I$3)/Dataset!I$4 -> -0.195506
A14: =(Dataset!A14-Dataset!F$3)/Dataset!F$4 -> -0.70710678 | B14: =(Dataset!B14-Dataset!G$3)/Dataset!G$4 -> -0.80763924 | C14: =(Dataset!C14-Dataset!H$3)/Dataset!H$4 -> 0.59502277 | D14: =(Dataset!D14-Dataset!I$3)/Dataset!I$4 -> -0.66945994
... A18: =(Dataset!A18-Dataset!F$3)/Dataset!F$4 -> -0.70710678 | B18: =(Dataset!B18-Dataset!G$3)/Dataset!G$4 -> -0.10534425 | C18: =(Dataset!C18-Dataset!H$3)/Dataset!H$4 -> 1.01428 | D18: =(Dataset!D18-Dataset!I$3)/Dataset!I$4 -> -0.6102157
A19: =(Dataset!A19-Dataset!F$3)/Dataset!F$4 -> 0 | B19: =(Dataset!B19-Dataset!G$3)/Dataset!G$4 -> 0.59695074 | C19: =(Dataset!C19-Dataset!H$3)/Dataset!H$4 -> 0.079013863 | D19: =(Dataset!D19-Dataset!I$3)/Dataset!I$4 -> 0.10071521 | E19: Validation
A20: =(Dataset!A20-Dataset!F$3)/Dataset!F$4 -> 0.70710678 | B20: =(Dataset!B20-Dataset!G$3)/Dataset!G$4 -> -0.10534425 | C20: =(Dataset!C20-Dataset!H$3)/Dataset!H$4 -> -0.53374671 | D20: =(Dataset!D20-Dataset!I$3)/Dataset!I$4 -> 0.57466916
A21: =(Dataset!A21-Dataset!F$3)/Dataset!F$4 -> -1.4142136 | B21: =(Dataset!B21-Dataset!G$3)/Dataset!G$4 -> -1.5099342 | C21: =(Dataset!C21-Dataset!H$3)/Dataset!H$4 -> 1.7882934 | D21: =(Dataset!D21-Dataset!I$3)/Dataset!I$4 -> -1.4396351
A22: =(Dataset!A22-Dataset!F$3)/Dataset!F$4 -> 1.4142136 | B22: =(Dataset!B22-Dataset!G$3)/Dataset!G$4 -> 1.2992457 | C22: =(Dataset!C22-Dataset!H$3)/Dataset!H$4 -> -1.4045117 | D22: =(Dataset!D22-Dataset!I$3)/Dataset!I$4 -> 1.4633328

Sheet Hidden layer weights
A1: INPUT LAYER WEIGHTS | I1: W (Node1) | J1: W (Node2) | K1: W (Node3) | L1: W (Node4) | M1: W (Node5) | O1: Predicted Y1 | P1: Actual Y1 | Q1: Error | T1: SSE
B2: W_1j | C2: W_2j | D2: W_3j | E2: bias | I2: =IF(SUMPRODUCT($B$3:$D$3,'Standardized data'!A3:C3)+'Hidden layer weights'!$E$3<0,0,SUMPRODUCT($B$3:$D$3,'Standardized data'!A3:C3)+'Hidden layer weights'!$E$3) -> 0 | J2: =IF(SUMPRODUCT($B$4:$D$4,'Standardized data'!A3:C3)+'Hidden layer weights'!$E$4<0,0,SUMPRODUCT($B$4:$D$4,'Standardized data'!A3:C3)+'Hidden layer weights'!$E$4) -> 0 | K2: =IF(SUMPRODUCT($B$5:$D$5,'Standardized data'!A3:C3)+'Hidden layer weights'!$E$5<0,0,SUMPRODUCT($B$5:$D$5,'Standardized data'!A3:C3)+'Hidden layer weights'!$E$5) -> 0 | L2: =IF(SUMPRODUCT($B$6:$D$6,'Standardized data'!A3:C3)+'Hidden layer weights'!$E$6<0,0,SUMPRODUCT($B$6:$D$6,'Standardized data'!A3:C3)+'Hidden layer weights'!$E$6) -> 0 | M2: =IF(SUMPRODUCT($B$7:$D$7,'Standardized data'!A3:C3)+'Hidden layer weights'!$E$7<0,0,SUMPRODUCT($B$7:$D$7,'Standardized data'!A3:C3)+'Hidden layer weights'!$E$7) -> 0 | O2: =SUMPRODUCT($A$12:$E$12,I2:M2)+$F$12 -> 0 | P2: ='Standardized data'!D3 -> -0.72870419 | Q2: =(O2-P2)^2 -> 0.53100979 | T2: =SUM(Q2:Q17) -> 7.4010415
A3: NODE1 | B3: 0.10790317 | C3: 1.8560741 | D3: 0.0642472 | E3: 0 | I3: =IF(SUMPRODUCT($B$3:$D$3,'Standardized data'!A4:C4)+'Hidden layer weights'!$E$3<0,0,SUMPRODUCT($B$3:$D$3,'Standardized data'!A4:C4)+'Hidden layer weights'!$E$3) -> 0 | J3: =IF(SUMPRODUCT($B$4:$D$4,'Standardized data'!A4:C4)+'Hidden layer weights'!$E$4<0,0,SUMPRODUCT($B$4:$D$4,'Standardized data'!A4:C4)+'Hidden layer weights'!$E$4) -> 0.091165393 | K3: =IF(SUMPRODUCT($B$5:$D$5,'Standardized data'!A4:C4)+'Hidden layer weights'!$E$5<0,0,SUMPRODUCT($B$5:$D$5,'Standardized data'!A4:C4)+'Hidden layer weights'!$E$5) -> 0 | L3: =IF(SUMPRODUCT($B$6:$D$6,'Standardized data'!A4:C4)+'Hidden layer weights'!$E$6<0,0,SUMPRODUCT($B$6:$D$6,'Standardized data'!A4:C4)+'Hidden layer weights'!$E$6) -> 0.10121349 | M3: =IF(SUMPRODUCT($B$7:$D$7,'Standardized data'!A4:C4)+'Hidden layer weights'!$E$7<0,0,SUMPRODUCT($B$7:$D$7,'Standardized data'!A4:C4)+'Hidden layer weights'!$E$7) -> 0 | O3: =SUMPRODUCT($A$12:$E$12,I3:M3)+$F$12 -> 0 | P3: ='Standardized data'!D4 -> -0.13626176 | Q3: =(O3-P3)^2 -> 0.018567267
A4: NODE2 | B4: 0.02121511 | C4: 0.18750791 | D4: 0 | E4: 0.11091827 | I4: =IF(SUMPRODUCT($B$3:$D$3,'Standardized data'!A5:C5)+'Hidden layer weights'!$E$3<0,0,SUMPRODUCT($B$3:$D$3,'Standardized data'!A5:C5)+'Hidden layer weights'!$E$3) -> 1.1458481 | J4: =IF(SUMPRODUCT($B$4:$D$4,'Standardized data'!A5:C5)+'Hidden layer weights'!$E$4<0,0,SUMPRODUCT($B$4:$D$4,'Standardized data'!A5:C5)+'Hidden layer weights'!$E$4) -> 0.23785261 | K4: =IF(SUMPRODUCT($B$5:$D$5,'Standardized data'!A5:C5)+'Hidden layer weights'!$E$5<0,0,SUMPRODUCT($B$5:$D$5,'Standardized data'!A5:C5)+'Hidden layer weights'!$E$5) -> 1.8912799 | L4: =IF(SUMPRODUCT($B$6:$D$6,'Standardized data'!A5:C5)+'Hidden layer weights'!$E$6<0,0,SUMPRODUCT($B$6:$D$6,'Standardized data'!A5:C5)+'Hidden layer weights'!$E$6) -> 0.74309984 | M4: =IF(SUMPRODUCT($B$7:$D$7,'Standardized data'!A5:C5)+'Hidden layer weights'!$E$7<0,0,SUMPRODUCT($B$7:$D$7,'Standardized data'!A5:C5)+'Hidden layer weights'!$E$7) -> 0.76999398 | O4: =SUMPRODUCT($A$12:$E$12,I4:M4)+$F$12 -> 0.70584807 | P4: ='Standardized data'!D5 -> 0.75240188 | Q4: =(O4-P4)^2 -> 0.0021672572
A5: NODE3 | B5: 2.1890928 | C5: 0.78777177 | D5: 0.21212511 | E5: 0 | I5: =IF(SUMPRODUCT($B$3:$D$3,'Standardized data'!A6:C6)+'Hidden layer weights'!$E$3<0,0,SUMPRODUCT($B$3:$D$3,'Standardized data'!A6:C6)+'Hidden layer weights'!$E$3) -> 0 | J5: =IF(SUMPRODUCT($B$4:$D$4,'Standardized data'!A6:C6)+'Hidden layer weights'!$E$4<0,0,SUMPRODUCT($B$4:$D$4,'Standardized data'!A6:C6)+'Hidden layer weights'!$E$4) -> 0 | K5: =IF(SUMPRODUCT($B$5:$D$5,'Standardized data'!A6:C6)+'Hidden layer weights'!$E$5<0,0,SUMPRODUCT($B$5:$D$5,'Standardized data'!A6:C6)+'Hidden layer weights'!$E$5) -> 0 | L5: =IF(SUMPRODUCT($B$6:$D$6,'Standardized data'!A6:C6)+'Hidden layer weights'!$E$6<0,0,SUMPRODUCT($B$6:$D$6,'Standardized data'!A6:C6)+'Hidden layer weights'!$E$6) -> 0 | M5: =IF(SUMPRODUCT($B$7:$D$7,'Standardized data'!A6:C6)+'Hidden layer weights'!$E$7<0,0,SUMPRODUCT($B$7:$D$7,'Standardized data'!A6:C6)+'Hidden layer weights'!$E$7) -> 0 | O5: =SUMPRODUCT($A$12:$E$12,I5:M5)+$F$12 -> 0 | P5: ='Standardized data'!D6 -> -1.3211466 | Q5: =(O5-P5)^2 -> 1.7454284
A6: NODE4 | B6: 0.74004457 | C6: 0.54068651 | D6: 0.67473152 | E6: 0.30070276 | I6: =IF(SUMPRODUCT($B$3:$D$3,'Standardized data'!A7:C7)+'Hidden layer weights'!$E$3<0,0,SUMPRODUCT($B$3:$D$3,'Standardized data'!A7:C7)+'Hidden layer weights'!$E$3) -> 2.4945786 | J6: =IF(SUMPRODUCT($B$4:$D$4,'Standardized data'!A7:C7)+'Hidden layer weights'!$E$4<0,0,SUMPRODUCT($B$4:$D$4,'Standardized data'!A7:C7)+'Hidden layer weights'!$E$4) -> 0.38453982 | K6: =IF(SUMPRODUCT($B$5:$D$5,'Standardized data'!A7:C7)+'Hidden layer weights'!$E$5<0,0,SUMPRODUCT($B$5:$D$5,'Standardized data'!A7:C7)+'Hidden layer weights'!$E$5) -> 3.8898331 | L6: =IF(SUMPRODUCT($B$6:$D$6,'Standardized data'!A7:C7)+'Hidden layer weights'!$E$6<0,0,SUMPRODUCT($B$6:$D$6,'Standardized data'!A7:C7)+'Hidden layer weights'!$E$6) -> 1.3197048 | M6: =IF(SUMPRODUCT($B$7:$D$7,'Standardized data'!A7:C7)+'Hidden layer weights'!$E$7<0,0,SUMPRODUCT($B$7:$D$7,'Standardized data'!A7:C7)+'Hidden layer weights'!$E$7) -> 1.5458615 | O6: =SUMPRODUCT($A$12:$E$12,I6:M6)+$F$12 -> 1.4523171 | P6: ='Standardized data'!D7 -> 1.3448443 | Q6: =(O6-P6)^2 -> 0.011550405
A7: NODE5 | B7: 0.098812907 | C7: 1.0052703 | D7: 0 | E7: 0.10002586 | I7: =IF(SUMPRODUCT($B$3:$D$3,'Standardized data'!A8:C8)+'Hidden layer weights'!$E$3<0,0,SUMPRODUCT($B$3:$D$3,'Standardized data'!A8:C8)+'Hidden layer weights'!$E$3) -> 0 | J7: =IF(SUMPRODUCT($B$4:$D$4,'Standardized data'!A8:C8)+'Hidden layer weights'!$E$4<0,0,SUMPRODUCT($B$4:$D$4,'Standardized data'!A8:C8)+'Hidden layer weights'!$E$4) -> 0 | K7: =IF(SUMPRODUCT($B$5:$D$5,'Standardized data'!A8:C8)+'Hidden layer weights'!$E$5<0,0,SUMPRODUCT($B$5:$D$5,'Standardized data'!A8:C8)+'Hidden layer weights'!$E$5) -> 0 | L7: =IF(SUMPRODUCT($B$6:$D$6,'Standardized data'!A8:C8)+'Hidden layer weights'!$E$6<0,0,SUMPRODUCT($B$6:$D$6,'Standardized data'!A8:C8)+'Hidden layer weights'!$E$6) -> 0 | M7: =IF(SUMPRODUCT($B$7:$D$7,'Standardized data'!A8:C8)+'Hidden layer weights'!$E$7<0,0,SUMPRODUCT($B$7:$D$7,'Standardized data'!A8:C8)+'Hidden layer weights'!$E$7) -> 0 | O7: =SUMPRODUCT($A$12:$E$12,I7:M7)+$F$12 -> 0 | P7: ='Standardized data'!D8 -> -0.84719267 | Q7: =(O7-P7)^2 -> 0.71773543
I8: =IF(SUMPRODUCT($B$3:$D$3,'Standardized data'!A9:C9)+'Hidden layer weights'!$E$3<0,0,SUMPRODUCT($B$3:$D$3,'Standardized data'!A9:C9)+'Hidden layer weights'!$E$3) -> 1.0757651 | J8: =IF(SUMPRODUCT($B$4:$D$4,'Standardized data'!A9:C9)+'Hidden layer weights'!$E$4<0,0,SUMPRODUCT($B$4:$D$4,'Standardized data'!A9:C9)+'Hidden layer weights'!$E$4) -> 0.22285126 | K8: =IF(SUMPRODUCT($B$5:$D$5,'Standardized data'!A9:C9)+'Hidden layer weights'!$E$5<0,0,SUMPRODUCT($B$5:$D$5,'Standardized data'!A9:C9)+'Hidden layer weights'!$E$5) -> 0.36388101 | L8: =IF(SUMPRODUCT($B$6:$D$6,'Standardized data'!A9:C9)+'Hidden layer weights'!$E$6<0,0,SUMPRODUCT($B$6:$D$6,'Standardized data'!A9:C9)+'Hidden layer weights'!$E$6) -> 0.2850907 | M8: =IF(SUMPRODUCT($B$7:$D$7,'Standardized data'!A9:C9)+'Hidden layer weights'!$E$7<0,0,SUMPRODUCT($B$7:$D$7,'Standardized data'!A9:C9)+'Hidden layer weights'!$E$7) -> 0.7001227 | O8: =SUMPRODUCT($A$12:$E$12,I8:M8)+$F$12 -> 0.13943522 | P8: ='Standardized data'!D9 -> 0.04147097 | Q8: =(O8-P8)^2 -> 0.0095969948
I9: =IF(SUMPRODUCT($B$3:$D$3,'Standardized data'!A10:C10)+'Hidden layer weights'!$E$3<0,0,SUMPRODUCT($B$3:$D$3,'Standardized data'!A10:C10)+'Hidden layer weights'!$E$3) -> 0 | J9: =IF(SUMPRODUCT($B$4:$D$4,'Standardized data'!A10:C10)+'Hidden layer weights'!$E$4<0,0,SUMPRODUCT($B$4:$D$4,'Standardized data'!A10:C10)+'Hidden layer weights'!$E$4) -> 0.10616674 | K9: =IF(SUMPRODUCT($B$5:$D$5,'Standardized data'!A10:C10)+'Hidden layer weights'!$E$5<0,0,SUMPRODUCT($B$5:$D$5,'Standardized data'!A10:C10)+'Hidden layer weights'!$E$5) -> 1.3243494 | L9: =IF(SUMPRODUCT($B$6:$D$6,'Standardized data'!A10:C10)+'Hidden layer weights'!$E$6<0,0,SUMPRODUCT($B$6:$D$6,'Standardized data'!A10:C10)+'Hidden layer weights'!$E$6) -> 0.31985748 | M9: =IF(SUMPRODUCT($B$7:$D$7,'Standardized data'!A10:C10)+'Hidden layer weights'!$E$7<0,0,SUMPRODUCT($B$7:$D$7,'Standardized data'!A10:C10)+'Hidden layer weights'!$E$7) -> 0.063997699 | O9: =SUMPRODUCT($A$12:$E$12,I9:M9)+$F$12 -> 0.49085709 | P9: ='Standardized data'!D10 -> 0.45618067 | Q9: =(O9-P9)^2 -> 0.001202454
A10: OUTPUT LAYER WEIGHTS | I10: =IF(SUMPRODUCT($B$3:$D$3,'Standardized data'!A11:C11)+'Hidden layer weights'!$E$3<0,0,SUMPRODUCT($B$3:$D$3,'Standardized data'!A11:C11)+'Hidden layer weights'!$E$3) -> 0 | J10: =IF(SUMPRODUCT($B$4:$D$4,'Standardized data'!A11:C11)+'Hidden layer weights'!$E$4<0,0,SUMPRODUCT($B$4:$D$4,'Standardized data'!A11:C11)+'Hidden layer weights'!$E$4) -> 0 | K10: =IF(SUMPRODUCT($B$5:$D$5,'Standardized data'!A11:C11)+'Hidden layer weights'!$E$5<0,0,SUMPRODUCT($B$5:$D$5,'Standardized data'!A11:C11)+'Hidden layer weights'!$E$5) -> 0 | L10: =IF(SUMPRODUCT($B$6:$D$6,'Standardized data'!A11:C11)+'Hidden layer weights'!$E$6<0,0,SUMPRODUCT($B$6:$D$6,'Standardized data'!A11:C11)+'Hidden layer weights'!$E$6) -> 0 | M10: =IF(SUMPRODUCT($B$7:$D$7,'Standardized data'!A11:C11)+'Hidden layer weights'!$E$7<0,0,SUMPRODUCT($B$7:$D$7,'Standardized data'!A11:C11)+'Hidden layer weights'!$E$7) -> 0 | O10: =SUMPRODUCT($A$12:$E$12,I10:M10)+$F$12 -> 0 | P10: ='Standardized data'!D11 -> -1.2619024 | Q10: =(O10-P10)^2 -> 1.5923976
A11: node 1(z1) | B11: node 2(z2) | C11: node 3(z3) | D11: node4 (z4) | E11: node5 (z5) | F11: bias | I11: =IF(SUMPRODUCT($B$3:$D$3,'Standardized data'!A12:C12)+'Hidden layer weights'!$E$3<0,0,SUMPRODUCT($B$3:$D$3,'Standardized data'!A12:C12)+'Hidden layer weights'!$E$3) -> 2.4862905 | J11: =IF(SUMPRODUCT($B$4:$D$4,'Standardized data'!A12:C12)+'Hidden layer weights'!$E$4<0,0,SUMPRODUCT($B$4:$D$4,'Standardized data'!A12:C12)+'Hidden layer weights'!$E$4) -> 0.38453982 | K11: =IF(SUMPRODUCT($B$5:$D$5,'Standardized data'!A12:C12)+'Hidden layer weights'!$E$5<0,0,SUMPRODUCT($B$5:$D$5,'Standardized data'!A12:C12)+'Hidden layer weights'!$E$5) -> 3.8624685 | L11: =IF(SUMPRODUCT($B$6:$D$6,'Standardized data'!A12:C12)+'Hidden layer weights'!$E$6<0,0,SUMPRODUCT($B$6:$D$6,'Standardized data'!A12:C12)+'Hidden layer weights'!$E$6) -> 1.2326629 | M11: =IF(SUMPRODUCT($B$7:$D$7,'Standardized data'!A12:C12)+'Hidden layer weights'!$E$7<0,0,SUMPRODUCT($B$7:$D$7,'Standardized data'!A12:C12)+'Hidden layer weights'!$E$7) -> 1.5458615 | O11: =SUMPRODUCT($A$12:$E$12,I11:M11)+$F$12 -> 1.4421395 | P11: ='Standardized data'!D12 -> 1.522577 | Q11: =(O11-P11)^2 -> 0.0064701948
A12: 0.0042447055 | B12: 0 | C12: 0.37064016 | D12: 0 | E12: 0 | F12: 0 | I12: =IF(SUMPRODUCT($B$3:$D$3,'Standardized data'!A13:C13)+'Hidden layer weights'!$E$3<0,0,SUMPRODUCT($B$3:$D$3,'Standardized data'!A13:C13)+'Hidden layer weights'!$E$3) -> 0 | J12: =IF(SUMPRODUCT($B$4:$D$4,'Standardized data'!A13:C13)+'Hidden layer weights'!$E$4<0,0,SUMPRODUCT($B$4:$D$4,'Standardized data'!A13:C13)+'Hidden layer weights'!$E$4) -> 0.091165393 | K12: =IF(SUMPRODUCT($B$5:$D$5,'Standardized data'!A13:C13)+'Hidden layer weights'!$E$5<0,0,SUMPRODUCT($B$5:$D$5,'Standardized data'!A13:C13)+'Hidden layer weights'!$E$5) -> 0 | L12: =IF(SUMPRODUCT($B$6:$D$6,'Standardized data'!A13:C13)+'Hidden layer weights'!$E$6<0,0,SUMPRODUCT($B$6:$D$6,'Standardized data'!A13:C13)+'Hidden layer weights'!$E$6) -> 0.49290189 | M12: =IF(SUMPRODUCT($B$7:$D$7,'Standardized data'!A13:C13)+'Hidden layer weights'!$E$7<0,0,SUMPRODUCT($B$7:$D$7,'Standardized data'!A13:C13)+'Hidden layer weights'!$E$7) -> 0 | O12: =SUMPRODUCT($A$12:$E$12,I12:M12)+$F$12 -> 0 | P12: ='Standardized data'!D13 -> -0.195506 | Q12: =(O12-P12)^2 -> 0.038222597
I13: =IF(SUMPRODUCT($B$3:$D$3,'Standardized data'!A14:C14)+'Hidden layer weights'!$E$3<0,0,SUMPRODUCT($B$3:$D$3,'Standardized data'!A14:C14)+'Hidden layer weights'!$E$3) -> 0 | J13: =IF(SUMPRODUCT($B$4:$D$4,'Standardized data'!A14:C14)+'Hidden layer weights'!$E$4<0,0,SUMPRODUCT($B$4:$D$4,'Standardized data'!A14:C14)+'Hidden layer weights'!$E$4) -> 0 | K13: =IF(SUMPRODUCT($B$5:$D$5,'Standardized data'!A14:C14)+'Hidden layer weights'!$E$5<0,0,SUMPRODUCT($B$5:$D$5,'Standardized data'!A14:C14)+'Hidden layer weights'!$E$5) -> 0 | L13: =IF(SUMPRODUCT($B$6:$D$6,'Standardized data'!A14:C14)+'Hidden layer weights'!$E$6<0,0,SUMPRODUCT($B$6:$D$6,'Standardized data'!A14:C14)+'Hidden layer weights'!$E$6) -> 0 | M13: =IF(SUMPRODUCT($B$7:$D$7,'Standardized data'!A14:C14)+'Hidden layer weights'!$E$7<0,0,SUMPRODUCT($B$7:$D$7,'Standardized data'!A14:C14)+'Hidden layer weights'!$E$7) -> 0 | O13: =SUMPRODUCT($A$12:$E$12,I13:M13)+$F$12 -> 0 | P13: ='Standardized data'!D14 -> -0.66945994 | Q13: =(O13-P13)^2 -> 0.44817662
I14: =IF(SUMPRODUCT($B$3:$D$3,'Standardized data'!A15:C15)+'Hidden layer weights'!$E$3<0,0,SUMPRODUCT($B$3:$D$3,'Standardized data'!A15:C15)+'Hidden layer weights'!$E$3) -> 1.120984 | J14: =IF(SUMPRODUCT($B$4:$D$4,'Standardized data'!A15:C15)+'Hidden layer weights'!$E$4<0,0,SUMPRODUCT($B$4:$D$4,'Standardized data'!A15:C15)+'Hidden layer weights'!$E$4) -> 0.23785261 | K14: =IF(SUMPRODUCT($B$5:$D$5,'Standardized data'!A15:C15)+'Hidden layer weights'!$E$5<0,0,SUMPRODUCT($B$5:$D$5,'Standardized data'!A15:C15)+'Hidden layer weights'!$E$5) -> 1.8091861 | L14: =IF(SUMPRODUCT($B$6:$D$6,'Standardized data'!A15:C15)+'Hidden layer weights'!$E$6<0,0,SUMPRODUCT($B$6:$D$6,'Standardized data'!A15:C15)+'Hidden layer weights'!$E$6) -> 0.48197423 | M14: =IF(SUMPRODUCT($B$7:$D$7,'Standardized data'!A15:C15)+'Hidden layer weights'!$E$7<0,0,SUMPRODUCT($B$7:$D$7,'Standardized data'!A15:C15)+'Hidden layer weights'!$E$7) -> 0.76999398 | O14: =SUMPRODUCT($A$12:$E$12,I14:M14)+$F$12 -> 0.67531526 | P14: ='Standardized data'!D15 -> 0.69315764 | Q14: =(O14-P14)^2 -> 0.00031835048
I15: =IF(SUMPRODUCT($B$3:$D$3,'Standardized data'!A16:C16)+'Hidden layer weights'!$E$3<0,0,SUMPRODUCT($B$3:$D$3,'Standardized data'!A16:C16)+'Hidden layer weights'!$E$3) -> 0 | J15: =IF(SUMPRODUCT($B$4:$D$4,'Standardized data'!A16:C16)+'Hidden layer weights'!$E$4<0,0,SUMPRODUCT($B$4:$D$4,'Standardized data'!A16:C16)+'Hidden layer weights'!$E$4) -> 0 | K15: =IF(SUMPRODUCT($B$5:$D$5,'Standardized data'!A16:C16)+'Hidden layer weights'!$E$5<0,0,SUMPRODUCT($B$5:$D$5,'Standardized data'!A16:C16)+'Hidden layer weights'!$E$5) -> 0 | L15: =IF(SUMPRODUCT($B$6:$D$6,'Standardized data'!A16:C16)+'Hidden layer weights'!$E$6<0,0,SUMPRODUCT($B$6:$D$6,'Standardized data'!A16:C16)+'Hidden layer weights'!$E$6) -> 0 | M15: =IF(SUMPRODUCT($B$7:$D$7,'Standardized data'!A16:C16)+'Hidden layer weights'!$E$7<0,0,SUMPRODUCT($B$7:$D$7,'Standardized data'!A16:C16)+'Hidden layer weights'!$E$7) -> 0 | O15: =SUMPRODUCT($A$12:$E$12,I15:M15)+$F$12 -> 0 | P15: ='Standardized data'!D16 -> -1.3803909 | Q15: =(O15-P15)^2 -> 1.9054789
I16: =IF(SUMPRODUCT($B$3:$D$3,'Standardized data'!A17:C17)+'Hidden layer weights'!$E$3<0,0,SUMPRODUCT($B$3:$D$3,'Standardized data'!A17:C17)+'Hidden layer weights'!$E$3) -> 3.764938 | J16: =IF(SUMPRODUCT($B$4:$D$4,'Standardized data'!A17:C17)+'Hidden layer weights'!$E$4<0,0,SUMPRODUCT($B$4:$D$4,'Standardized data'!A17:C17)+'Hidden layer weights'!$E$4) -> 0.51622569 | K16: =IF(SUMPRODUCT($B$5:$D$5,'Standardized data'!A17:C17)+'Hidden layer weights'!$E$5<0,0,SUMPRODUCT($B$5:$D$5,'Standardized data'!A17:C17)+'Hidden layer weights'!$E$5) -> 4.3336229 | L16: =IF(SUMPRODUCT($B$6:$D$6,'Standardized data'!A17:C17)+'Hidden layer weights'!$E$6<0,0,SUMPRODUCT($B$6:$D$6,'Standardized data'!A17:C17)+'Hidden layer weights'!$E$6) -> 1.3512587 | M16: =IF(SUMPRODUCT($B$7:$D$7,'Standardized data'!A17:C17)+'Hidden layer weights'!$E$7<0,0,SUMPRODUCT($B$7:$D$7,'Standardized data'!A17:C17)+'Hidden layer weights'!$E$7) -> 2.2518578 | O16: =SUMPRODUCT($A$12:$E$12,I16:M16)+$F$12 -> 1.6221957 | P16: ='Standardized data'!D17 -> 1.6410655 | Q16: =(O16-P16)^2 -> 0.00035606971
I17: =IF(SUMPRODUCT($B$3:$D$3,'Standardized data'!A18:C18)+'Hidden layer weights'!$E$3<0,0,SUMPRODUCT($B$3:$D$3,'Standardized data'!A18:C18)+'Hidden layer weights'!$E$3) -> 0 | J17: =IF(SUMPRODUCT($B$4:$D$4,'Standardized data'!A18:C18)+'Hidden layer weights'!$E$4<0,0,SUMPRODUCT($B$4:$D$4,'Standardized data'!A18:C18)+'Hidden layer weights'!$E$4) -> 0.076164045 | K17: =IF(SUMPRODUCT($B$5:$D$5,'Standardized data'!A18:C18)+'Hidden layer weights'!$E$5<0,0,SUMPRODUCT($B$5:$D$5,'Standardized data'!A18:C18)+'Hidden layer weights'!$E$5) -> 0 | L17: =IF(SUMPRODUCT($B$6:$D$6,'Standardized data'!A18:C18)+'Hidden layer weights'!$E$6<0,0,SUMPRODUCT($B$6:$D$6,'Standardized data'!A18:C18)+'Hidden layer weights'!$E$6) -> 0.4048207 | M17: =IF(SUMPRODUCT($B$7:$D$7,'Standardized data'!A18:C18)+'Hidden layer weights'!$E$7<0,0,SUMPRODUCT($B$7:$D$7,'Standardized data'!A18:C18)+'Hidden layer weights'!$E$7) -> 0 | O17: =SUMPRODUCT($A$12:$E$12,I17:M17)+$F$12 -> 0 | P17: ='Standardized data'!D18 -> -0.6102157 | Q17: =(O17-P17)^2 -> 0.3723632
R18: Validation

Sheet Validation
A1: INPUT | D1: OUTPUT | F1: W (Node1) | G1: W (Node2) | H1: W (Node3) | I1: W (Node4) | J1: W (Node5) | L1: Predicted Y1 | M1: Actual Y1
A2: Number of Rooms | B2: Number of Residents | C2: Average Temp (°C) | D2: Energy Consumption (kWh) | F2: =IF(SUMPRODUCT('Hidden layer weights'!$B$3:$D$3,Validation!A3:C3)+'Hidden layer weights'!$E$3<0,0,SUMPRODUCT('Hidden layer weights'!$B$3:$D$3,Validation!A3:C3)+'Hidden layer weights'!$E$3) -> 1.1130612 | G2: =IF(SUMPRODUCT('Hidden layer weights'!$B$4:$D$4,Validation!A3:C3)+'Hidden layer weights'!$E$4<0,0,SUMPRODUCT('Hidden layer weights'!$B$4:$D$4,Validation!A3:C3)+'Hidden layer weights'!$E$4) -> 0.22285126 | H2: =IF(SUMPRODUCT('Hidden layer weights'!$B$5:$D$5,Validation!A3:C3)+'Hidden layer weights'!$E$5<0,0,SUMPRODUCT('Hidden layer weights'!$B$5:$D$5,Validation!A3:C3)+'Hidden layer weights'!$E$5) -> 0.48702176 | I2: =IF(SUMPRODUCT('Hidden layer weights'!$B$6:$D$6,Validation!A3:C3)+'Hidden layer weights'!$E$6<0,0,SUMPRODUCT('Hidden layer weights'!$B$6:$D$6,Validation!A3:C3)+'Hidden layer weights'!$E$6) -> 0.67677911 | J2: =IF(SUMPRODUCT('Hidden layer weights'!$B$7:$D$7,Validation!A3:C3)+'Hidden layer weights'!$E$7<0,0,SUMPRODUCT('Hidden layer weights'!$B$7:$D$7,Validation!A3:C3)+'Hidden layer weights'!$E$7) -> 0.7001227 | L2: =SUMPRODUCT('Hidden layer weights'!$A$12:$E$12,Validation!F2:J2)+'Hidden layer weights'!$F$12 -> 0.18523444 | M2: =(Dataset!D19-Dataset!I$3)/Dataset!I$4 -> 0.10071521
A3: =(Dataset!A19-Dataset!F$3)/Dataset!F$4 -> 0 | B3: =(Dataset!B19-Dataset!G$3)/Dataset!G$4 -> 0.59695074 | C3: =(Dataset!C19-Dataset!H$3)/Dataset!H$4 -> 0.079013863 | D3: =(Dataset!D19-Dataset!I$3)/Dataset!I$4 -> 0.10071521 | F3: =IF(SUMPRODUCT('Hidden layer weights'!$B$3:$D$3,Validation!A4:C4)+'Hidden layer weights'!$E$3<0,0,SUMPRODUCT('Hidden layer weights'!$B$3:$D$3,Validation!A4:C4)+'Hidden layer weights'!$E$3) -> 0 | G3: =IF(SUMPRODUCT('Hidden layer weights'!$B$4:$D$4,Validation!A4:C4)+'Hidden layer weights'!$E$4<0,0,SUMPRODUCT('Hidden layer weights'!$B$4:$D$4,Validation!A4:C4)+'Hidden layer weights'!$E$4) -> 0.10616674 | H3: =IF(SUMPRODUCT('Hidden layer weights'!$B$5:$D$5,Validation!A4:C4)+'Hidden layer weights'!$E$5<0,0,SUMPRODUCT('Hidden layer weights'!$B$5:$D$5,Validation!A4:C4)+'Hidden layer weights'!$E$5) -> 1.3517141 | I3: =IF(SUMPRODUCT('Hidden layer weights'!$B$6:$D$6,Validation!A4:C4)+'Hidden layer weights'!$E$6<0,0,SUMPRODUCT('Hidden layer weights'!$B$6:$D$6,Validation!A4:C4)+'Hidden layer weights'!$E$6) -> 0.40689935 | J3: =IF(SUMPRODUCT('Hidden layer weights'!$B$7:$D$7,Validation!A4:C4)+'Hidden layer weights'!$E$7<0,0,SUMPRODUCT('Hidden layer weights'!$B$7:$D$7,Validation!A4:C4)+'Hidden layer weights'!$E$7) -> 0.063997699 | L3: =SUMPRODUCT('Hidden layer weights'!$A$12:$E$12,Validation!F3:J3)+'Hidden layer weights'!$F$12 -> 0.50099951 | M3: =(Dataset!D20-Dataset!I$3)/Dataset!I$4 -> 0.57466916
A4: =(Dataset!A20-Dataset!F$3)/Dataset!F$4 -> 0.70710678 | B4: =(Dataset!B20-Dataset!G$3)/Dataset!G$4 -> -0.10534425 | C4: =(Dataset!C20-Dataset!H$3)/Dataset!H$4 -> -0.53374671 | D4: =(Dataset!D20-Dataset!I$3)/Dataset!I$4 -> 0.57466916 | F4: =IF(SUMPRODUCT('Hidden layer weights'!$B$3:$D$3,Validation!A5:C5)+'Hidden layer weights'!$E$3<0,0,SUMPRODUCT('Hidden layer weights'!$B$3:$D$3,Validation!A5:C5)+'Hidden layer weights'!$E$3) -> 0 | G4: =IF(SUMPRODUCT('Hidden layer weights'!$B$4:$D$4,Validation!A5:C5)+'Hidden layer weights'!$E$4<0,0,SUMPRODUCT('Hidden layer weights'!$B$4:$D$4,Validation!A5:C5)+'Hidden layer weights'!$E$4) -> 0 | H4: =IF(SUMPRODUCT('Hidden layer weights'!$B$5:$D$5,Validation!A5:C5)+'Hidden layer weights'!$E$5<0,0,SUMPRODUCT('Hidden layer weights'!$B$5:$D$5,Validation!A5:C5)+'Hidden layer weights'!$E$5) -> 0 | I4: =IF(SUMPRODUCT('Hidden layer weights'!$B$6:$D$6,Validation!A5:C5)+'Hidden layer weights'!$E$6<0,0,SUMPRODUCT('Hidden layer weights'!$B$6:$D$6,Validation!A5:C5)+'Hidden layer weights'!$E$6) -> 0 | J4: =IF(SUMPRODUCT('Hidden layer weights'!$B$7:$D$7,Validation!A5:C5)+'Hidden layer weights'!$E$7<0,0,SUMPRODUCT('Hidden layer weights'!$B$7:$D$7,Validation!A5:C5)+'Hidden layer weights'!$E$7) -> 0 | L4: =SUMPRODUCT('Hidden layer weights'!$A$12:$E$12,Validation!F4:J4)+'Hidden layer weights'!$F$12 -> 0 | M4: =(Dataset!D21-Dataset!I$3)/Dataset!I$4 -> -1.4396351
A5: =(Dataset!A21-Dataset!F$3)/Dataset!F$4 -> -1.4142136 | B5: =(Dataset!B21-Dataset!G$3)/Dataset!G$4 -> -1.5099342 | C5: =(Dataset!C21-Dataset!H$3)/Dataset!H$4 -> 1.7882934 | D5: =(Dataset!D21-Dataset!I$3)/Dataset!I$4 -> -1.4396351 | F5: =IF(SUMPRODUCT('Hidden layer weights'!$B$3:$D$3,Validation!A6:C6)+'Hidden layer weights'!$E$3<0,0,SUMPRODUCT('Hidden layer weights'!$B$3:$D$3,Validation!A6:C6)+'Hidden layer weights'!$E$3) -> 2.4738585 | G5: =IF(SUMPRODUCT('Hidden layer weights'!$B$4:$D$4,Validation!A6:C6)+'Hidden layer weights'!$E$4<0,0,SUMPRODUCT('Hidden layer weights'!$B$4:$D$4,Validation!A6:C6)+'Hidden layer weights'!$E$4) -> 0.38453982 | H5: =IF(SUMPRODUCT('Hidden layer weights'!$B$5:$D$5,Validation!A6:C6)+'Hidden layer weights'!$E$5<0,0,SUMPRODUCT('Hidden layer weights'!$B$5:$D$5,Validation!A6:C6)+'Hidden layer weights'!$E$5) -> 3.8214216 | I5: =IF(SUMPRODUCT('Hidden layer weights'!$B$6:$D$6,Validation!A6:C6)+'Hidden layer weights'!$E$6<0,0,SUMPRODUCT('Hidden layer weights'!$B$6:$D$6,Validation!A6:C6)+'Hidden layer weights'!$E$6) -> 1.1021001 | J5: =IF(SUMPRODUCT('Hidden layer weights'!$B$7:$D$7,Validation!A6:C6)+'Hidden layer weights'!$E$7<0,0,SUMPRODUCT('Hidden layer weights'!$B$7:$D$7,Validation!A6:C6)+'Hidden layer weights'!$E$7) -> 1.5458615 | L5: =SUMPRODUCT('Hidden layer weights'!$A$12:$E$12,Validation!F5:J5)+'Hidden layer weights'!$F$12 -> 1.4268731 | M5: =(Dataset!D22-Dataset!I$3)/Dataset!I$4 -> 1.4633328
A6: =(Dataset!A22-Dataset!F$3)/Dataset!F$4 -> 1.4142136 | B6: =(Dataset!B22-Dataset!G$3)/Dataset!G$4 -> 1.2992457 | C6: =(Dataset!C22-Dataset!H$3)/Dataset!H$4 -> -1.4045117 | D6: =(Dataset!D22-Dataset!I$3)/Dataset!I$4 -> 1.4633328
